depth,SWC
0.05,8.009529503640582
0.15,8.705590823834944
0.3,8.496306449285818
0.6,6.091552445534555
1,7.081929014572212
2,4.233458375414803
3,3.1412133891213387
