depth,SWC,slmstr
0.05,8.009529503640582,0.5614908434511491
0.15,8.705590823834944,0.6331382250343148
0.3,8.496306449285818,0.611596046195059
0.6,6.091552445534555,0.3640685328542772
1,7.081929014572212,0.4660105398214993
2,4.233458375414803,0.17281013219768865
3,3.1412133891213387,0.06038254709151474
